{"homing_offset": [1024.0, 1024.0, 1024.0, 1024.0, 1024.0, 1024.0], "drive_mode": [0, 0, 0, 0, 0, 0], "start_pos": [-0.3515625, 5.361328125, 4.04296875, -6.85546875, -1.23046875, -11.337890625], "end_pos": [88.06640625, 91.23046875, 91.318359375, 92.109375, 88.41796875, 53.701171875], "calib_mode": ["DEGREE", "DEGREE", "DEGREE", "DEGREE", "DEGREE", "DEGREE"], "motor_names": ["shoulder_pan", "shoulder_lift", "elbow_flex", "wrist_flex", "wrist_roll", "gripper"]}