{"homing_offset": [1024.0, 1024.0, 1024.0, 1024.0, 1024.0, 1024.0], "drive_mode": [0, 0, 0, 0, 1, 0], "start_pos": [0.17578125, 1.0546875, -1.7578125, 5.537109375, 187.734375, -2.63671875], "end_pos": [89.736328125, 92.021484375, 92.724609375, 90.703125, -87.275390625, 108.10546875], "calib_mode": ["DEGREE", "DEGREE", "DEGREE", "DEGREE", "DEGREE", "DEGREE"], "motor_names": ["shoulder_pan", "shoulder_lift", "elbow_flex", "wrist_flex", "wrist_roll", "gripper"]}